id,gender,age,married,dependents,education,self_employed,business_type,applicant_income,applicant_work_period,coapplicant_income,credit_history,credit_amount,property_area,property_type,credit_rate,loan_amount,loan_term,loan_status
LA001250,Male,55,Yes,3+,Not Graduate,No,88,4755,51,0,0,0,Semiurban,3,8,2090,0,0
LA001864,Male,68,Yes,3+,Not Graduate,No,14,4931,47,0,,0,Semiurban,3,7,5376,24,0
LA002536,Male,43,Yes,3+,Not Graduate,No,56,3095,33,0,1,1382,Rural,3,5,3390,33,1
LA001264,Male,22,Yes,3+,Not Graduate,Yes,46,3333,68,2166,,0,Semiurban,2,5,2600,36,1
LA001384,Male,34,Yes,3+,Not Graduate,No,60,2071,60,754,1,2756,Semiurban,2,5,2820,53,0
LA001715,Male,37,Yes,3+,Not Graduate,Yes,80,5703,29,0,1,2614,Rural,2,5,2600,26,1
LA001682,Male,57,Yes,3+,Not Graduate,No,21,3992,51,0,1,2965,Urban,1,5,5000,15,1
LA001586,Male,52,Yes,3+,Not Graduate,No,66,3522,70,0,1,2076,Rural,1,4,2106,12,1
LA001238,Male,31,Yes,3+,Not Graduate,Yes,30,7100,31,0,1,1565,Urban,3,3,2750,5,1
LA002418,Male,38,No,3+,Not Graduate,No,64,4707,45,1993,1,2817,Semiurban,3,3,4144,26,1
LA002115,Male,33,Yes,3+,Not Graduate,No,42,2647,9,1587,1,3989,Rural,2,3,7785,24,1
LA002113,Female,50,No,3+,Not Graduate,No,14,1830,64,0,0,0,Urban,1,3,6742,26,0
LA001720,Male,42,Yes,3+,Not Graduate,No,94,3850,71,983,1,1987,Semiurban,1,2,3000,33,1
LA002500,Male,64,Yes,3+,Not Graduate,No,4,2947,57,1664,0,0,Urban,1,2,1260,20,0
LA002126,Male,38,Yes,3+,Not Graduate,No,45,3173,35,0,1,2641,Semiurban,1,1,3330,36,1
LA001488,Male,21,Yes,3+,Graduate,No,26,4000,10,7750,1,6191,Semiurban,3,7,8120,26,1
LA001014,Male,20,Yes,3+,Graduate,No,76,3036,38,2504,0,0,Semiurban,3,6,5214,28,1
LA001100,Male,57,No,3+,Graduate,No,74,12500,65,3000,1,4536,Rural,1,6,14400,26,0
LA001253,Male,44,Yes,3+,Graduate,Yes,35,5266,38,1774,1,1389,Semiurban,3,5,5610,30,1
LA002065,Male,27,Yes,3+,Graduate,No,43,15000,54,0,1,2188,Rural,3,5,7800,33,1
LA002519,Male,44,Yes,3+,Graduate,No,59,4691,43,0,1,2470,Semiurban,3,5,2600,33,1
LA001263,Male,61,Yes,3+,Graduate,No,11,3167,35,4000,0,0,Semiurban,2,5,5040,30,1
LA001854,Male,40,Yes,3+,Graduate,No,29,5250,41,0,1,2715,Urban,2,5,3102,28,1
LA002160,Male,38,Yes,3+,Graduate,No,56,5167,61,3167,1,847,Semiurban,1,5,4400,26,1
LA002219,Male,41,Yes,3+,Graduate,No,61,8750,59,4996,1,2764,Rural,1,5,2860,36,1
LA002484,Male,38,Yes,3+,Graduate,No,78,7740,51,0,1,1162,Urban,1,5,3840,15,1
LA002720,Male,44,Yes,3+,Graduate,No,74,4281,28,0,1,1742,Urban,1,5,3300,36,1
LA002740,Male,35,Yes,3+,Graduate,No,51,6417,40,0,1,2891,Rural,1,5,5652,20,1
LA001882,Male,43,Yes,3+,Graduate,No,60,4333,49,1811,0,0,Urban,3,4,6720,24,1
LA002317,Male,75,Yes,3+,Graduate,No,81,81000,31,0,0,0,Rural,3,4,10800,33,0
LA002949,Female,27,No,3+,Graduate,,58,416,33,41667,,0,Urban,3,4,12600,14,1
LA001448,,31,Yes,3+,Graduate,No,10,23803,57,0,1,1540,Rural,2,4,6660,24,0
LA001711,Male,47,Yes,3+,Graduate,No,37,3430,33,1250,0,0,Semiurban,2,4,2816,26,0
LA001610,Male,45,Yes,3+,Graduate,No,16,5516,30,11300,0,0,Semiurban,1,4,17820,40,0
LA001846,Female,34,No,3+,Graduate,No,49,3083,31,0,1,1670,Rural,2,3,9180,28,1
LA002659,Male,45,Yes,3+,Graduate,No,58,3466,44,3428,1,2481,Rural,2,3,4950,26,1
LA002795,Male,27,Yes,3+,Graduate,Yes,55,10139,24,0,1,3466,Semiurban,2,3,9360,36,1
LA002933,,41,No,3+,Graduate,Yes,96,9357,47,0,1,2509,Semiurban,2,3,7008,28,1
LA001585,,37,Yes,3+,Graduate,No,36,51763,28,0,1,928,Urban,1,3,14000,21,1
LA002053,Male,35,Yes,3+,Graduate,No,83,4342,49,189,1,2220,Semiurban,3,2,4092,30,1
LA002692,Male,26,Yes,3+,Graduate,Yes,68,5677,56,1424,1,3210,Rural,3,2,3600,33,1
LA002979,Male,45,Yes,3+,Graduate,No,60,4106,56,0,1,3460,Rural,3,2,880,12,1
LA002141,Male,31,Yes,3+,Graduate,No,70,2666,56,2083,1,2392,Rural,2,2,3990,26,1
LA002262,Male,36,Yes,3+,Graduate,No,78,9504,56,0,1,2137,Rural,2,2,12375,30,1
LA002837,Male,18,Yes,3+,Graduate,No,63,3400,55,2500,0,0,Rural,2,2,2214,26,0
LA002863,Male,56,Yes,3+,Graduate,No,13,6406,57,0,1,5254,Semiurban,1,2,4500,24,0
LA002255,Male,31,No,3+,Graduate,No,65,9167,28,0,1,1822,Rural,3,1,4440,28,1
LA001206,Male,48,Yes,3+,Graduate,No,68,3029,29,0,1,1694,Urban,2,1,1980,24,0
LA002953,Male,26,Yes,3+,Graduate,No,86,5703,35,0,1,553,Urban,2,1,3328,24,1
LA001536,Male,29,Yes,3+,Graduate,No,63,39999,50,0,0,0,Semiurban,1,1,9000,13,1
LA001949,Male,32,Yes,3+,Graduate,,85,4416,46,1250,1,1991,Urban,1,1,2420,33,1
LA001050,,63,Yes,2,Not Graduate,No,65,3365,39,1917,0,0,Rural,3,7,2912,33,0
LA001493,Male,46,Yes,2,Not Graduate,No,40,4200,69,1430,1,6367,Rural,3,7,3870,33,0
LA001532,Male,26,Yes,2,Not Graduate,No,73,2281,49,0,1,6934,Rural,2,5,3164,28,0
LA001345,Male,36,Yes,2,Not Graduate,No,16,4288,62,3263,1,2934,Urban,1,5,2660,20,1
LA002502,Female,26,Yes,2,Not Graduate,,51,210,67,2917,1,2952,Semiurban,3,4,1960,26,1
LA002964,Male,45,Yes,2,Not Graduate,No,88,3987,39,1411,1,3034,Rural,3,4,4710,36,0
LA001319,Male,28,Yes,2,Not Graduate,No,70,3273,62,1820,1,2429,Urban,2,4,2430,36,0
LA002689,Male,49,Yes,2,Not Graduate,No,51,2192,59,1742,1,1428,Semiurban,2,4,810,26,1
LA002265,Male,37,Yes,2,Not Graduate,No,41,1993,37,1625,1,3298,Semiurban,1,4,4068,16,1
LA002446,Male,51,Yes,2,Not Graduate,No,4,2309,11,1255,0,0,Rural,1,4,4875,36,0
LA002862,Male,56,Yes,2,Not Graduate,No,35,6125,17,1625,1,4029,Semiurban,3,3,8415,34,0
LA001245,Male,48,Yes,2,Not Graduate,Yes,31,1875,45,1875,1,2992,Semiurban,2,3,2134,24,1
LA002054,Male,23,Yes,2,Not Graduate,No,86,3601,62,1590,1,1343,Rural,2,3,3914,26,0
LA002131,Male,21,Yes,2,Not Graduate,No,56,3083,31,2168,1,2572,Urban,2,3,2268,36,1
LA002941,Male,70,Yes,2,Not Graduate,Yes,24,6383,67,1000,1,7344,Rural,2,3,7293,24,0
LA001691,Male,39,Yes,2,Not Graduate,No,73,3917,48,0,1,2769,Semiurban,1,3,4836,24,1
LA001998,Male,29,Yes,2,Not Graduate,No,59,7667,56,0,,0,Rural,1,3,3700,33,1
LA002288,Male,49,Yes,2,Not Graduate,No,46,2889,38,0,0,0,Urban,1,3,1350,13,0
LA001280,Male,48,Yes,2,Not Graduate,No,10,3333,25,2000,,0,Semiurban,3,2,2772,26,1
LA001073,Male,30,Yes,2,Not Graduate,No,93,4226,46,1040,1,1809,Urban,3,1,4950,40,1
LA002447,Male,26,Yes,2,Not Graduate,No,64,1958,37,1456,,0,Urban,3,1,1080,21,1
LA001199,Male,36,Yes,2,Not Graduate,No,27,3357,45,2859,1,1915,Urban,2,1,5616,40,0
LA002434,Male,41,Yes,2,Not Graduate,No,46,4652,26,0,1,3967,Rural,1,1,3300,33,1
LA002807,Male,37,Yes,2,Not Graduate,No,93,3675,61,242,1,3209,Semiurban,1,1,2916,24,1
LA001836,Female,33,No,2,Graduate,No,36,3427,18,0,1,2077,Urban,1,8,5796,33,0
LA001267,Female,46,Yes,2,Graduate,No,15,1378,2,1881,1,2063,Urban,2,7,4676,40,0
LA001732,Male,68,Yes,2,Graduate,,97,5000,36,0,0,0,Semiurban,1,6,2376,40,0
LA001369,Male,37,Yes,2,Graduate,No,10,11417,68,1126,1,1069,Urban,3,5,6075,33,1
LA001677,Male,27,No,2,Graduate,No,41,4923,34,0,0,0,Semiurban,3,5,5478,40,1
LA002455,Male,43,Yes,2,Graduate,No,76,3859,63,0,1,1719,Semiurban,3,5,2688,36,1
LA002699,Male,47,Yes,2,Graduate,Yes,43,17500,60,0,1,1595,Rural,3,5,9600,26,1
LA001497,Male,30,Yes,2,Graduate,No,35,5042,65,2083,1,2236,Rural,3,5,6105,40,0
LA001938,Male,51,Yes,2,Graduate,No,55,4400,46,0,0,0,Semiurban,3,5,4953,33,0
LA002530,,68,Yes,2,Graduate,No,10,2873,47,1872,0,0,Semiurban,3,5,3168,28,0
LA002778,Male,53,Yes,2,Graduate,Yes,82,6633,22,0,0,0,Rural,3,5,5540,28,0
LA002931,Male,25,Yes,2,Graduate,Yes,37,6000,51,0,1,4722,Semiurban,3,5,8610,18,0
LA001018,Male,39,Yes,2,Graduate,No,61,4006,67,1526,1,1499,Urban,2,5,7560,33,0
LA002225,Male,48,Yes,2,Graduate,No,47,5391,70,0,1,1788,Urban,2,5,3120,33,0
LA002266,Male,41,Yes,2,Graduate,No,78,3100,45,1400,1,2608,Urban,2,5,3051,40,0
LA001379,Male,25,Yes,2,Graduate,No,88,3800,65,3600,0,0,Urban,2,5,9720,33,0
LA001027,Male,35,Yes,2,Graduate,,3,2500,55,1840,1,3919,Urban,1,5,4578,26,1
LA001508,Male,27,Yes,2,Graduate,No,37,11757,30,0,1,2606,Urban,1,5,3366,16,1
LA001877,Male,34,Yes,2,Graduate,No,94,4708,56,1387,1,3589,Semiurban,1,5,6300,30,1
LA001896,Male,44,Yes,2,Graduate,No,63,3900,33,0,1,2988,Semiurban,1,5,2700,40,1
LA002723,Male,62,No,2,Graduate,No,94,3588,37,0,0,0,Rural,1,5,2860,36,0
LA002926,Male,27,Yes,2,Graduate,Yes,47,2726,50,0,0,0,Semiurban,1,5,2756,33,0
LA002272,Male,43,Yes,2,Graduate,No,51,3276,43,484,,0,Semiurban,3,4,3510,30,1
LA002984,Male,44,Yes,2,Graduate,No,87,7583,26,0,1,2848,Urban,3,4,3740,24,1
LA002008,Male,44,Yes,2,Graduate,Yes,70,5746,53,0,,0,Rural,2,4,3168,6,1
LA002555,Male,38,Yes,2,Graduate,Yes,96,4583,71,2083,1,1020,Semiurban,2,4,4160,28,1
LA002236,Male,63,Yes,2,Graduate,No,80,4566,62,0,1,3192,Urban,2,4,2600,24,0
LA002342,Male,32,Yes,2,Graduate,Yes,83,1600,45,20000,1,5577,Urban,2,4,6214,36,0
LA001087,Female,26,No,2,Graduate,,4,3750,55,2083,1,2983,Semiurban,1,4,2400,40,1
LA001570,Male,46,Yes,2,Graduate,No,53,4167,65,1447,1,2497,Rural,1,4,4740,36,1
LA002855,Male,39,Yes,2,Graduate,No,91,16666,39,0,1,3571,Urban,1,4,11550,30,1
LA001179,Male,60,Yes,2,Graduate,No,48,4616,40,0,1,2087,Urban,1,4,2948,40,0
LA002533,Male,18,Yes,2,Graduate,No,83,2947,72,1603,1,2477,Urban,1,4,3000,24,0
LA002738,Male,29,No,2,Graduate,No,43,3617,32,0,1,3125,Semiurban,3,3,2140,36,1
LA002868,Male,47,Yes,2,Graduate,No,56,3159,69,461,1,2582,Urban,3,3,2916,9,1
LA001024,Male,50,Yes,2,Graduate,No,81,3200,12,700,1,624,Urban,2,3,2100,26,0
LA001194,Male,41,Yes,2,Graduate,No,49,2708,18,1167,1,967,Semiurban,2,3,2910,33,1
LA001734,Female,29,Yes,2,Graduate,No,71,4283,65,2383,,0,Semiurban,2,3,4572,26,1
LA001798,Male,36,Yes,2,Graduate,No,84,5819,56,5000,1,2964,Rural,2,3,3240,30,1
LA001807,Male,40,Yes,2,Graduate,Yes,85,6250,39,1300,1,3749,Rural,2,3,4212,33,1
LA002529,Male,46,Yes,2,Graduate,No,89,6700,33,1750,1,804,Semiurban,2,3,4140,20,1
LA001011,Male,37,Yes,2,Graduate,Yes,70,5417,40,4196,1,2582,Urban,1,3,6408,40,1
LA001516,Female,47,Yes,2,Graduate,No,33,14866,49,0,1,1360,Urban,1,3,2100,26,1
LA001743,Male,49,Yes,2,Graduate,No,94,4009,71,1717,1,742,Semiurban,1,3,3480,24,1
LA001915,Male,48,Yes,2,Graduate,No,67,2301,36,985.7999878,1,1295,Urban,1,3,2340,14,1
LA002128,Male,41,Yes,2,Graduate,,57,2583,42,2330,1,1310,Rural,1,3,2500,36,1
LA002149,Male,50,Yes,2,Graduate,No,94,8333,55,3167,1,2242,Rural,1,3,5940,36,1
LA002170,Male,32,Yes,2,Graduate,No,52,5000,50,3667,1,1028,Semiurban,1,3,6136,36,1
LA002197,Male,46,Yes,2,Graduate,No,53,5185,66,0,1,2724,Semiurban,1,3,5580,24,1
LA002622,Male,40,Yes,2,Graduate,No,59,3510,52,4416,1,2846,Rural,1,3,5346,26,1
LA002948,Male,37,Yes,2,Graduate,No,52,5780,47,0,1,3217,Urban,1,3,3840,33,1
LA001432,Male,30,Yes,2,Graduate,No,45,2957,26,0,1,742,Semiurban,3,2,1620,33,1
LA002035,Male,33,Yes,2,Graduate,No,78,3717,45,0,1,2027,Semiurban,3,2,3960,36,1
LA002112,Male,28,Yes,2,Graduate,Yes,78,2500,69,4600,1,1244,Rural,3,2,3168,40,1
LA002524,Male,27,No,2,Graduate,No,94,5532,72,4648,1,3998,Rural,3,2,4374,40,1
LA002543,Male,32,Yes,2,Graduate,No,71,8333,30,0,1,1599,Semiurban,3,2,11070,33,1
LA002670,Female,43,Yes,2,Graduate,No,68,2031,40,1632,1,3203,Semiurban,3,2,2034,53,1
LA001608,Male,29,Yes,2,Graduate,No,90,2045,29,1619,1,2400,Rural,2,2,1818,33,1
LA002693,Male,44,Yes,2,Graduate,Yes,55,7948,37,7166,1,3295,Rural,2,2,13440,40,1
LA002443,Male,23,Yes,2,Graduate,No,5,3340,20,1710,0,0,Rural,2,2,5400,33,0
LA002545,Male,39,No,2,Graduate,No,1,3547,59,0,0,0,Rural,2,2,1440,40,0
LA001580,Male,49,Yes,2,Graduate,No,2,8000,36,0,1,1234,Semiurban,1,2,3600,28,1
LA002201,Male,41,Yes,2,Graduate,Yes,87,9323,68,7873,1,3796,Rural,1,2,13680,27,1
LA002892,Male,30,Yes,2,Graduate,No,66,6540,42,0,1,1967,Semiurban,1,2,6150,33,1
LA002832,Male,51,Yes,2,Graduate,No,46,8799,50,0,0,0,Urban,1,2,11610,26,0
LA001030,Male,31,Yes,2,Graduate,No,46,1299,42,1086,1,3353,Urban,3,1,510,12,1
LA001491,Male,42,Yes,2,Graduate,Yes,1,3316,66,3500,1,3552,Urban,3,1,1584,36,1
LA001814,Male,30,Yes,2,Graduate,No,88,9703,57,0,1,1364,Urban,3,1,2240,24,1
LA002368,Male,44,Yes,2,Graduate,No,49,5935,45,0,1,3263,Semiurban,3,1,3990,28,1
LA002472,Male,34,No,2,Graduate,No,81,4354,53,0,1,2916,Rural,3,1,2448,24,1
LA001758,Male,24,Yes,2,Graduate,No,82,6250,25,1695,1,1213,Semiurban,2,1,4200,30,1
LA001940,Male,22,Yes,2,Graduate,No,86,3153,52,1560,1,3886,Urban,2,1,5628,40,1
LA002615,Male,45,Yes,2,Graduate,No,61,4865,35,5624,1,1727,Semiurban,2,1,8736,26,1
LA001028,Male,25,Yes,2,Graduate,No,89,3073,68,8106,1,3323,Urban,1,1,7200,33,1
LA001318,Male,48,Yes,2,Graduate,No,28,6250,68,5654,1,1623,Semiurban,1,1,4512,20,1
LA002527,Male,34,Yes,2,Graduate,Yes,83,16525,72,1014,1,1227,Rural,1,1,3900,26,1
LA002643,Male,30,Yes,2,Graduate,No,77,3283,27,2035,1,3987,Urban,1,1,4440,33,1
LA002706,Male,37,Yes,1,Not Graduate,No,81,5285,33,1430,0,0,Semiurban,3,5,5313,26,1
LA001034,Male,33,No,1,Not Graduate,No,84,3596,55,0,,0,Urban,1,5,2600,16,1
LA001674,Male,36,Yes,1,Not Graduate,No,79,2600,38,2500,1,3668,Semiurban,1,5,3780,24,1
LA002031,Male,32,Yes,1,Not Graduate,No,70,3399,37,1640,1,1863,Urban,3,4,3663,12,1
LA001910,Male,47,No,1,Not Graduate,Yes,92,4053,65,2426,0,0,Urban,3,4,2844,24,0
LA002517,Male,37,Yes,1,Not Graduate,No,33,2653,46,1500,0,0,Rural,2,4,3390,16,0
LA002544,Male,47,Yes,1,Not Graduate,No,72,1958,51,2436,1,2476,Rural,1,4,3668,33,1
LA002618,Male,28,Yes,1,Not Graduate,No,99,4050,57,5302,,0,Rural,1,4,4968,28,0
LA001800,Male,25,Yes,1,Not Graduate,No,78,2510,64,1983,1,2783,Urban,3,3,4200,16,0
LA002367,Female,57,No,1,Not Graduate,No,10,4606,42,0,1,3215,Rural,3,3,1620,30,0
LA002444,Male,25,No,1,Not Graduate,Yes,17,2769,52,1542,,0,Semiurban,2,3,5700,33,0
LA001819,Male,22,Yes,1,Not Graduate,No,44,6608,52,0,1,1327,Urban,1,3,2466,20,1
LA002489,Female,21,No,1,Not Graduate,,45,5191,41,0,1,2000,Semiurban,1,3,4752,36,1
LA002714,Male,44,No,1,Not Graduate,No,53,2679,55,1302,1,2730,Semiurban,2,2,3102,33,1
LA002318,Female,57,No,1,Not Graduate,Yes,1,3867,50,0,1,7405,Semiurban,2,2,1116,40,0
LA001688,Male,28,Yes,1,Not Graduate,No,57,3500,55,1083,1,2272,Urban,1,2,6075,33,1
LA002119,Male,46,Yes,1,Not Graduate,No,69,4554,38,1229,1,1709,Urban,2,1,4740,26,1
LA002562,Male,25,Yes,1,Not Graduate,No,68,5333,37,1131,,0,Urban,2,1,4836,26,1
LA002755,Male,28,Yes,1,Not Graduate,No,44,2239,67,2524,1,3806,Urban,2,1,3840,28,1
LA001843,Male,46,Yes,1,Not Graduate,No,45,2661,29,7101,1,2042,Semiurban,1,1,9207,12,1
LA002784,Male,49,Yes,1,Not Graduate,No,79,2492,34,2375,1,1653,Rural,1,1,12000,40,1
LA001097,Male,34,No,1,Graduate,Yes,95,4692,43,0,1,6099,Rural,3,8,2968,24,0
LA001641,Male,42,Yes,1,Graduate,Yes,38,2178,46,0,0,0,Rural,3,8,2574,23,0
LA001052,Male,29,Yes,1,Graduate,,48,3717,41,2925,,0,Semiurban,2,8,4228,30,0
LA001213,Male,58,Yes,1,Graduate,No,11,4945,68,0,0,0,Rural,1,8,6640,26,0
LA001259,Male,48,Yes,1,Graduate,Yes,43,1000,21,3022,1,5781,Urban,1,8,2200,36,0
LA001665,Male,35,Yes,1,Graduate,No,15,3125,48,2583,1,7780,Semiurban,1,8,4420,40,0
LA001870,Female,48,No,1,Graduate,No,85,3481,1,0,1,4280,Semiurban,1,8,3100,3,0
LA002050,Male,60,Yes,1,Graduate,Yes,76,10000,40,0,1,6958,Rural,1,8,4185,28,0
LA001633,Male,60,Yes,1,Graduate,No,14,6400,38,7250,0,0,Urban,3,7,3240,28,0
LA001091,Male,20,Yes,1,Graduate,,73,4166,12,3369,,0,Urban,2,6,6633,40,0
LA001541,Male,30,Yes,1,Graduate,No,40,6000,43,0,,0,Rural,3,5,3520,28,1
LA001778,Male,21,Yes,1,Graduate,No,60,3155,27,1779,1,1493,Semiurban,3,5,3640,24,1
LA002741,Female,50,Yes,1,Graduate,No,46,4608,64,2845,1,1128,Semiurban,3,5,5880,16,1
LA001637,Male,75,Yes,1,Graduate,No,20,33846,67,0,1,5241,Semiurban,3,5,7800,30,0
LA002729,Male,63,No,1,Graduate,No,91,11250,69,0,,0,Semiurban,3,5,5880,33,0
LA001616,Male,46,Yes,1,Graduate,No,64,3750,48,0,1,3597,Semiurban,2,5,3016,33,1
LA001953,Male,29,Yes,1,Graduate,No,57,6875,60,0,1,854,Semiurban,2,5,6000,28,1
LA001977,Male,35,Yes,1,Graduate,No,95,1625,39,1803,1,610,Urban,2,5,3744,24,0
LA001138,Male,28,Yes,1,Graduate,No,37,5649,43,0,1,3065,Urban,1,5,1716,26,1
LA001784,Male,49,Yes,1,Graduate,No,45,5500,64,1260,1,1397,Rural,1,5,3060,40,1
LA002429,Male,50,Yes,1,Graduate,Yes,54,3466,50,1210,1,1775,Rural,1,5,2860,24,1
LA002877,Male,35,Yes,1,Graduate,No,63,1782,55,2232,1,3702,Rural,1,5,3531,24,1
LA001401,Male,37,Yes,1,Graduate,No,70,14583,32,0,1,1497,Rural,3,4,5180,15,1
LA002377,Female,49,No,1,Graduate,Yes,64,8624,33,0,1,3551,Semiurban,3,4,4200,30,1
LA002600,Male,44,Yes,1,Graduate,Yes,87,2895,42,0,1,1805,Semiurban,3,4,2850,36,1
LA001003,Male,25,Yes,1,Graduate,No,49,4583,54,1508,1,6237,Rural,3,4,9216,33,0
LA002898,Male,75,Yes,1,Graduate,No,17,1880,20,0,,0,Rural,3,4,1098,33,0
LA002912,Male,24,Yes,1,Graduate,No,78,4283,29,3000,1,3776,Rural,3,4,7224,6,0
LA002792,Male,41,Yes,1,Graduate,No,41,5468,27,1032,1,1080,Semiurban,2,4,468,24,1
LA001020,Male,65,Yes,1,Graduate,No,4,12841,68,10968,1,4804,Semiurban,2,4,6980,26,0
LA002911,Male,37,Yes,1,Graduate,No,93,2787,29,1917,0,0,Rural,2,4,5256,26,0
LA001046,Male,35,Yes,1,Graduate,No,20,5955,38,5625,1,2879,Urban,1,4,5670,40,1
LA002043,Female,41,No,1,Graduate,No,78,3541,61,0,,0,Semiurban,1,4,2688,40,1
LA002097,Male,47,No,1,Graduate,No,79,4384,39,1793,1,1013,Urban,1,4,2808,24,1
LA002067,Male,40,Yes,1,Graduate,Yes,42,8666,8,4983,0,0,Rural,1,4,10152,30,0
LA002362,Male,46,Yes,1,Graduate,No,43,7250,71,1667,0,0,Urban,1,4,2970,0,0
LA001543,Male,26,Yes,1,Graduate,No,34,9538,25,0,1,1171,Urban,3,3,5236,24,1
LA001954,Female,21,Yes,1,Graduate,No,57,4666,70,0,1,806,Urban,3,3,4860,26,1
LA002110,Male,40,Yes,1,Graduate,,61,5250,50,688,1,3081,Rural,3,3,2880,36,1
LA001186,Female,60,Yes,1,Graduate,Yes,11,11500,46,0,0,0,Urban,3,3,9438,36,0
LA002190,Male,37,Yes,1,Graduate,No,74,6325,71,0,1,1105,Semiurban,2,3,3850,36,1
LA002422,Male,29,No,1,Graduate,No,64,37719,46,0,1,1814,Semiurban,2,3,3952,28,1
LA002586,Female,33,Yes,1,Graduate,No,68,3326,51,913,1,2559,Semiurban,2,3,1890,6,1
LA002634,Female,44,No,1,Graduate,No,65,13262,47,0,1,3454,Urban,2,3,1440,26,1
LA001451,Male,75,Yes,1,Graduate,Yes,9,10513,2,3850,0,0,Urban,2,3,3840,14,0
LA001565,Male,65,Yes,1,Graduate,No,66,3089,32,1280,0,0,Semiurban,2,3,3146,40,0
LA001963,Male,64,Yes,1,Graduate,No,41,2014,61,2925,1,6009,Urban,2,3,2712,33,0
LA002151,Male,61,Yes,1,Graduate,No,4,3875,39,0,1,1735,Urban,2,3,1340,30,0
LA002161,Female,58,No,1,Graduate,No,95,4723,61,0,1,6962,Semiurban,2,3,2268,28,0
LA001392,Female,38,No,1,Graduate,Yes,61,7451,36,0,1,876,Semiurban,1,3,3200,30,1
LA001765,Male,47,Yes,1,Graduate,No,70,2491,54,2054,1,734,Semiurban,1,3,2080,30,1
LA001792,Male,35,Yes,1,Graduate,No,63,3315,34,0,1,556,Semiurban,1,3,2112,33,1
LA001900,Male,45,Yes,1,Graduate,No,88,2750,29,1842,1,759,Semiurban,1,3,5175,24,1
LA002515,Male,33,Yes,1,Graduate,Yes,82,3450,50,2079,1,2505,Semiurban,1,3,4860,40,1
LA002961,Male,27,Yes,1,Graduate,No,49,3400,40,2500,1,3973,Semiurban,1,3,4152,24,1
LA002205,Male,48,No,1,Graduate,No,46,3062,59,1987,0,0,Urban,1,3,3663,13,0
LA002547,Male,63,Yes,1,Graduate,No,57,18333,48,0,1,1989,Urban,1,3,11000,24,0
LA001367,Male,25,Yes,1,Graduate,No,8,3052,62,1030,1,616,Urban,3,2,1800,40,1
LA001518,Male,50,Yes,1,Graduate,No,64,1538,26,1425,1,3785,Urban,3,2,1170,30,1
LA002341,Female,68,No,1,Graduate,No,2,2600,27,0,1,6055,Urban,3,2,7200,26,0
LA001233,Male,21,Yes,1,Graduate,No,72,10750,29,0,1,3374,Urban,2,2,5616,26,0
LA001266,Male,41,Yes,1,Graduate,Yes,34,2395,53,0,1,2300,Semiurban,2,2,6000,36,1
LA002785,Male,32,Yes,1,Graduate,No,83,3333,31,3250,1,896,Urban,2,2,3476,33,1
LA001198,Male,49,Yes,1,Graduate,No,80,8080,38,2250,1,2662,Urban,1,2,3600,30,1
LA001275,Male,40,Yes,1,Graduate,No,79,3988,58,0,1,3063,Urban,1,2,1950,27,0
LA001865,Male,25,Yes,1,Graduate,No,71,6083,67,4250,,0,Urban,1,2,7780,40,1
LA001884,Female,34,No,1,Graduate,No,50,2876,24,1560,1,3150,Urban,1,2,3780,28,1
LA002237,Male,49,No,1,Graduate,,71,3667,32,0,1,2063,Urban,1,2,3729,15,1
LA002531,Male,46,Yes,1,Graduate,Yes,91,16667,62,2250,1,3993,Semiurban,1,2,3354,36,1
LA002959,Female,26,Yes,1,Graduate,No,82,12000,61,0,1,1537,Semiurban,1,2,10912,40,1
LA002315,Male,65,Yes,1,Graduate,No,85,8300,16,0,0,0,Semiurban,1,2,5472,33,0
LA001713,Male,30,Yes,1,Graduate,Yes,69,7787,49,0,1,998,Urban,3,1,7200,24,1
LA001824,Male,45,Yes,1,Graduate,No,92,2882,65,1843,1,961,Semiurban,3,1,3198,48,1
LA002753,Female,46,No,1,Graduate,,48,3652,32,0,1,699,Semiurban,3,1,3705,28,1
LA001790,Female,26,No,1,Graduate,No,57,3812,64,0,1,652,Rural,2,1,5040,30,1
LA002103,,36,Yes,1,Graduate,Yes,52,9833,51,1833,1,1642,Urban,2,1,5096,12,1
LA002640,Male,43,Yes,1,Graduate,No,53,6065,33,2004,1,2450,Semiurban,2,1,6500,28,1
LA002842,Male,27,Yes,1,Graduate,No,67,3417,54,1750,1,2877,Urban,2,1,5580,36,1
LA002983,Male,24,Yes,1,Graduate,No,85,8072,53,240,1,3006,Urban,2,1,6578,28,1
LA001405,Male,31,Yes,1,Graduate,No,66,2214,69,1398,,0,Urban,1,1,1870,36,1
LA002813,Female,31,Yes,1,Graduate,Yes,83,19484,57,0,1,2263,Semiurban,1,1,14350,30,1
LA001228,Male,18,No,0,Not Graduate,No,52,3200,2,2254,0,0,Urban,3,8,2268,16,0
LA001043,Male,74,Yes,0,Not Graduate,No,68,7660,10,0,0,0,Urban,2,8,1872,30,0
LA001835,Male,26,Yes,0,Not Graduate,No,15,1668,70,3890,0,0,Semiurban,3,7,7839,26,0
LA001391,Male,38,Yes,0,Not Graduate,No,18,3572,22,4114,0,0,Rural,2,7,4256,0,0
LA001657,Male,34,Yes,0,Not Graduate,No,84,6033,54,0,1,2196,Urban,1,7,4320,28,0
LA001849,Male,45,No,0,Not Graduate,No,48,6045,37,0,0,0,Rural,1,7,3795,26,0
LA001207,Male,35,Yes,0,Not Graduate,Yes,78,2609,31,3449,0,0,Rural,3,6,3630,18,0
LA001086,Male,75,No,0,Not Graduate,No,99,1442,19,0,1,5565,Urban,1,6,980,24,0
LA001603,Male,28,Yes,0,Not Graduate,Yes,96,4344,6,736,1,6348,Semiurban,1,6,1566,30,0
LA002582,Female,26,No,0,Not Graduate,Yes,90,17263,50,0,1,853,Semiurban,3,5,6075,36,1
LA002328,Male,34,Yes,0,Not Graduate,No,78,6096,69,0,0,0,Rural,3,5,5668,24,0
LA001653,Male,30,No,0,Not Graduate,No,54,4885,53,0,1,3502,Rural,2,5,1296,40,0
LA001964,Male,73,Yes,0,Not Graduate,No,88,1800,56,2934,0,0,Urban,2,5,3906,40,0
LA001155,Female,27,Yes,0,Not Graduate,No,93,1928,61,1644,1,1142,Semiurban,1,5,4500,40,0
LA001334,Male,29,Yes,0,Not Graduate,No,84,4188,44,0,1,3306,Semiurban,1,5,3795,13,0
LA001439,Male,49,Yes,0,Not Graduate,No,45,4300,63,2014,1,3226,Rural,1,5,4656,30,0
LA001560,Male,34,Yes,0,Not Graduate,No,48,1863,47,1041,1,875,Semiurban,1,5,2940,28,0
LA001669,Female,49,No,0,Not Graduate,No,58,1907,51,2365,1,2333,Urban,1,5,3360,0,0
LA001811,Male,50,Yes,0,Not Graduate,No,85,3406,65,4417,1,1930,Semiurban,1,5,4059,28,0
LA002300,Female,42,No,0,Not Graduate,No,88,1963,29,0,1,2940,Semiurban,1,5,1431,33,0
LA002534,Female,27,No,0,Not Graduate,No,94,4350,46,0,1,1401,Rural,1,5,6006,24,0
LA002821,Male,26,No,0,Not Graduate,Yes,43,5800,67,0,1,3880,Semiurban,1,5,3432,26,1
LA001047,Male,54,Yes,0,Not Graduate,No,33,2600,24,1911,0,0,Semiurban,1,5,3480,40,0
LA001990,Male,52,No,0,Not Graduate,No,3,2000,68,0,1,7789,Urban,1,5,4000,36,0
LA002739,Male,31,Yes,0,Not Graduate,No,31,2917,62,536,1,6032,Rural,1,5,1452,36,0
LA002960,Male,46,Yes,0,Not Graduate,No,86,2400,31,3800,1,2770,Urban,1,5,4000,14,0
LA001006,Male,21,Yes,0,Not Graduate,No,45,2583,43,2358,1,3715,Urban,3,4,5040,24,0
LA001013,Male,46,Yes,0,Not Graduate,No,9,2333,29,1516,1,540,Urban,3,4,1900,30,1
LA002308,Male,23,Yes,0,Not Graduate,No,94,2167,49,2400,1,2511,Urban,3,4,3220,26,1
LA002619,Male,40,Yes,0,Not Graduate,No,44,3814,59,1483,1,1438,Semiurban,3,4,2232,30,1
LA002571,Male,36,No,0,Not Graduate,No,60,3691,60,0,1,2944,Rural,2,4,4950,33,1
LA002940,Male,29,No,0,Not Graduate,No,64,3833,62,0,1,564,Rural,2,4,3300,30,1
LA002684,Female,73,No,0,Not Graduate,No,94,3400,53,0,1,5222,Rural,2,4,3420,24,0
LA002004,Male,21,No,0,Not Graduate,No,56,2927,64,2405,1,1745,Semiurban,1,4,3663,30,1
LA002560,Male,34,No,0,Not Graduate,No,94,2699,42,2785,,0,Semiurban,1,4,2880,24,1
LA002731,Female,41,No,0,Not Graduate,Yes,88,18165,71,0,1,3540,Urban,1,4,5250,26,1
LA002587,Male,41,Yes,0,Not Graduate,No,59,2600,72,1700,1,3681,Rural,3,3,2889,26,0
LA002716,Male,45,No,0,Not Graduate,No,79,6783,50,0,1,850,Semiurban,3,3,3380,33,1
LA001370,Male,20,No,0,Not Graduate,,9,7333,50,0,1,5929,Rural,3,3,3960,24,0
LA002357,Female,39,No,0,Not Graduate,No,10,2720,41,0,0,0,Urban,3,3,1600,0,0
LA002768,Male,29,No,0,Not Graduate,No,81,3358,30,0,1,3870,Semiurban,3,3,3360,2,0
LA001692,Female,50,No,0,Not Graduate,No,64,4408,33,0,1,3353,Semiurban,2,3,3960,30,1
LA002370,Male,47,No,0,Not Graduate,No,89,2717,45,0,1,1375,Urban,2,3,2160,20,0
LA002950,Male,49,Yes,0,Not Graduate,,53,2894,25,2792,1,2924,Rural,2,3,3720,33,1
LA002296,Male,27,No,0,Not Graduate,No,28,2755,53,0,1,6481,Rural,2,3,2340,27,0
LA001770,Male,23,No,0,Not Graduate,No,52,3189,26,2598,1,3624,Rural,1,3,4680,0,1
LA002284,Male,47,No,0,Not Graduate,No,92,3902,72,1666,1,792,Rural,1,3,3924,33,1
LA002732,Male,27,No,0,Not Graduate,,45,2550,54,2042,1,3966,Rural,1,3,3528,40,1
LA002757,Female,36,Yes,0,Not Graduate,No,69,3017,35,663,,0,Semiurban,1,3,1836,30,1
LA001038,Male,50,Yes,0,Not Graduate,No,6,4887,7,0,1,7217,Rural,1,3,2394,24,0
LA001630,Male,31,No,0,Not Graduate,No,31,2333,57,1451,0,0,Urban,1,3,3978,48,0
LA002314,Female,44,No,0,Not Graduate,No,41,2213,48,0,1,733,Rural,3,2,1584,24,1
LA002158,Male,47,Yes,0,Not Graduate,No,14,3000,14,1666,0,0,Urban,3,2,3900,40,0
LA002335,Female,38,Yes,0,Not Graduate,No,31,2149,14,3237,0,0,Semiurban,3,2,4628,30,0
LA002637,Male,41,No,0,Not Graduate,No,80,3598,34,1287,1,2740,Rural,3,2,2700,28,0
LA002181,Male,36,No,0,Not Graduate,No,74,6216,34,0,1,4429,Rural,2,2,3724,33,0
LA001136,Male,22,Yes,0,Not Graduate,Yes,93,4695,42,0,1,2305,Urban,1,2,3456,0,1
LA002332,Male,34,Yes,0,Not Graduate,No,96,2253,43,2033,1,1394,Rural,1,2,2970,26,1
LA002407,Female,42,Yes,0,Not Graduate,Yes,83,7142,41,0,1,2872,Rural,1,2,5382,36,1
LA002833,Male,33,Yes,0,Not Graduate,No,67,4467,27,0,,0,Rural,1,2,2640,24,1
LA002243,Male,71,Yes,0,Not Graduate,No,27,3010,60,3136,0,0,Urban,1,2,7000,26,0
LA002788,Male,20,Yes,0,Not Graduate,No,33,2454,35,2333,0,0,Urban,1,2,3620,36,0
LA001325,Male,33,No,0,Not Graduate,No,10,3620,61,0,1,895,Semiurban,3,1,450,13,1
LA001116,Male,30,No,0,Not Graduate,No,19,3748,52,1668,1,1470,Semiurban,2,1,3300,33,1
LA001581,Male,50,Yes,0,Not Graduate,,38,1820,39,1769,1,1387,Rural,2,1,1710,36,1
LA001698,Male,26,No,0,Not Graduate,No,50,3975,64,2531,1,1895,Rural,2,1,1540,40,1
LA002239,Male,37,No,0,Not Graduate,No,90,2346,67,1600,1,3717,Semiurban,2,1,4356,28,1
LA002917,Female,43,No,0,Not Graduate,No,70,2165,43,0,1,921,Semiurban,2,1,1890,33,1
LA001841,Male,26,No,0,Not Graduate,Yes,79,2583,51,2167,1,670,Rural,1,1,2496,36,1
LA001908,Female,25,Yes,0,Not Graduate,No,41,4100,44,0,,0,Rural,1,1,3224,40,1
LA001225,Male,75,Yes,0,Graduate,No,52,5726,50,4595,1,5039,Semiurban,2,8,6192,30,0
LA001786,Male,69,Yes,0,Graduate,,69,5746,60,0,,0,Urban,2,8,11475,24,0
LA001996,Male,75,No,0,Graduate,No,68,20233,45,0,1,2725,Rural,2,8,12960,36,0
LA001222,Female,39,No,0,Graduate,No,34,4166,60,0,0,0,Semiurban,1,8,3480,36,0
LA001579,Male,22,No,0,Graduate,No,82,2237,37,0,0,0,Semiurban,1,8,2079,32,0
LA001164,Female,35,No,0,Graduate,No,28,4230,21,0,1,7401,Semiurban,3,7,3360,36,0
LA001702,Male,75,No,0,Graduate,No,90,3418,72,0,1,4102,Semiurban,3,7,3810,30,0
LA001955,Female,55,No,0,Graduate,No,60,5000,57,2541,1,6126,Rural,3,7,3020,53,0
LA001994,Female,49,No,0,Graduate,No,92,2400,42,1863,0,0,Urban,3,7,3120,24,0
LA001146,Female,45,Yes,0,Graduate,No,62,2645,48,3440,0,0,Urban,2,7,4320,36,0
LA001577,Female,51,Yes,0,Graduate,No,53,4583,66,0,1,7635,Rural,2,7,3024,26,0
LA001634,Male,52,No,0,Graduate,No,46,1916,68,5063,,0,Rural,2,7,3015,28,0
LA001465,Male,53,Yes,0,Graduate,No,72,6080,23,2569,,0,Rural,1,7,4004,24,0
LA001492,Male,75,No,0,Graduate,No,64,14999,46,0,0,0,Semiurban,3,6,6534,28,0
LA001519,Female,35,No,0,Graduate,No,82,10000,51,1666,1,2346,Rural,3,6,6750,26,0
LA001029,Male,49,No,0,Graduate,No,71,1853,32,2840,1,7683,Rural,2,6,2736,24,0
LA001197,Male,27,Yes,0,Graduate,No,43,3366,1,2200,1,5459,Rural,2,6,3780,28,0
LA001421,Male,52,Yes,0,Graduate,No,84,5568,20,2142,1,4110,Rural,2,6,6300,30,0
LA001656,Male,36,No,0,Graduate,No,67,12000,11,0,1,4757,Semiurban,2,6,4920,36,0
LA001708,Female,19,No,0,Graduate,No,3,10000,35,0,1,5488,Semiurban,2,6,6420,28,0
LA001844,Male,38,No,0,Graduate,Yes,38,16250,16,0,0,0,Urban,2,6,5376,30,0
LA001119,Male,56,No,0,Graduate,No,85,3600,28,0,1,2780,Urban,1,6,1600,24,0
LA001531,Male,69,No,0,Graduate,No,23,9166,2,0,1,6976,Urban,1,6,7320,24,0
LA001673,Male,34,No,0,Graduate,Yes,82,11000,54,0,1,4136,Urban,1,6,1660,40,0
LA001925,Female,52,No,0,Graduate,Yes,18,2600,65,1717,1,4564,Semiurban,1,6,2673,23,0
LA001243,Male,47,Yes,0,Graduate,No,47,3208,68,3066,1,2186,Urban,3,5,7740,28,1
LA001443,Female,23,No,0,Graduate,No,32,3692,33,0,,0,Rural,3,5,3348,30,0
LA001546,Male,43,No,0,Graduate,,24,2980,26,2083,1,1440,Rural,3,5,3960,28,0
LA001868,Male,33,No,0,Graduate,No,63,2060,38,2209,1,3207,Semiurban,3,5,6030,24,1
LA002938,Male,39,Yes,0,Graduate,Yes,63,16120,25,0,1,1067,Urban,3,5,5720,33,1
LA001273,Male,17,Yes,0,Graduate,No,75,6000,60,2250,,0,Semiurban,3,5,6360,26,0
LA002556,Male,62,No,0,Graduate,No,81,2435,50,0,1,5364,Urban,3,5,2250,36,1
LA002648,Male,18,Yes,0,Graduate,No,48,2130,66,6666,1,2627,Semiurban,3,5,1400,13,0
LA002893,Male,31,No,0,Graduate,No,61,1836,23,33837,1,6342,Urban,3,5,3780,33,0
LA001289,Male,48,No,0,Graduate,No,95,8566,36,0,1,2778,Urban,2,5,6930,26,0
LA001316,Male,36,Yes,0,Graduate,No,57,2958,38,2900,1,3456,Semiurban,2,5,5109,36,1
LA001422,Female,36,No,0,Graduate,No,37,10408,32,0,1,1178,Urban,2,5,6734,40,0
LA001535,Male,45,No,0,Graduate,No,99,3254,41,0,1,1448,Urban,2,5,2250,30,0
LA001636,Male,37,Yes,0,Graduate,No,78,4600,28,0,1,3365,Semiurban,2,5,1752,13,1
LA001639,Female,40,Yes,0,Graduate,No,85,3625,36,0,1,3364,Semiurban,2,5,3564,30,1
LA002002,Female,24,No,0,Graduate,No,78,2917,36,0,1,1489,Semiurban,2,5,2520,30,1
LA002478,,30,Yes,0,Graduate,Yes,84,2083,42,4083,,0,Semiurban,2,5,4160,40,1
LA002603,Female,45,No,0,Graduate,No,82,645,41,3683,1,697,Rural,2,5,2938,48,1
LA002717,Male,33,Yes,0,Graduate,No,50,1025,65,5500,,0,Rural,2,5,5832,36,1
LA002925,,33,No,0,Graduate,No,79,4750,48,0,1,3771,Semiurban,2,5,2632,26,1
LA001736,Male,31,Yes,0,Graduate,No,56,2221,44,0,0,0,Urban,2,5,2700,36,0
LA002142,Female,41,Yes,0,Graduate,Yes,89,5500,19,0,0,0,Rural,2,5,2730,36,0
LA002301,Female,21,No,0,Graduate,Yes,47,7441,34,0,1,7558,Rural,2,5,6402,28,0
LA002473,Male,51,Yes,0,Graduate,No,70,8334,24,0,1,4397,Semiurban,2,5,5280,30,0
LA002697,Male,53,No,0,Graduate,No,48,4680,29,2087,1,3236,Semiurban,2,5,4120,26,0
LA002776,Female,41,No,0,Graduate,No,33,5000,33,0,0,0,Semiurban,2,5,2472,33,0
LA001032,Male,25,No,0,Graduate,No,78,4950,39,0,1,2659,Urban,1,5,3000,40,1
LA001112,Female,37,Yes,0,Graduate,No,16,3667,70,1459,1,2672,Semiurban,1,5,4032,36,1
LA001279,Male,35,No,0,Graduate,No,30,2366,71,2531,1,528,Semiurban,1,5,4896,28,1
LA001327,Female,43,Yes,0,Graduate,No,4,2484,26,2302,1,2141,Semiurban,1,5,3562,40,1
LA001349,Male,46,No,0,Graduate,No,20,4843,59,3806,1,2731,Semiurban,1,5,3020,40,1
LA001398,Male,44,No,0,Graduate,,81,5050,63,0,1,1601,Semiurban,1,5,4248,40,1
LA001473,Male,22,No,0,Graduate,No,78,2014,63,1929,1,637,Urban,1,5,2442,36,1
LA001671,Female,33,Yes,0,Graduate,No,94,3416,34,2816,,0,Semiurban,1,5,2712,28,1
LA001726,Male,43,Yes,0,Graduate,No,45,3727,72,1775,1,1145,Semiurban,1,5,4716,24,1
LA001749,Male,34,Yes,0,Graduate,No,67,7578,65,1010,1,891,Semiurban,1,5,7350,0,1
LA001806,Male,23,No,0,Graduate,No,85,2965,25,5701,1,2844,Urban,1,5,6975,4,1
LA002175,Male,26,Yes,0,Graduate,No,89,4750,67,2333,1,3808,Urban,1,5,4680,36,1
LA002231,Female,44,No,0,Graduate,No,73,6000,30,0,1,3903,Urban,1,5,5148,26,1
LA002366,Male,37,Yes,0,Graduate,No,63,2666,44,4300,1,935,Rural,1,5,3630,36,0
LA002386,Male,41,No,0,Graduate,,67,12876,41,0,1,604,Semiurban,1,5,8910,33,1
LA002449,Male,50,Yes,0,Graduate,No,70,2483,55,2466,0,0,Rural,1,5,2520,12,0
LA002459,Male,26,Yes,0,Graduate,No,55,4301,71,0,1,1514,Urban,1,5,2124,36,1
LA002086,Female,70,Yes,0,Graduate,No,65,4333,27,2451,1,2476,Urban,1,5,4950,40,0
LA002116,Female,69,No,0,Graduate,No,13,2378,33,0,1,5522,Rural,1,5,1380,33,0
LA002277,Female,24,No,0,Graduate,No,69,3180,69,0,0,0,Urban,1,5,3195,26,0
LA002448,Male,35,Yes,0,Graduate,No,98,3948,57,1733,0,0,Rural,1,5,6258,36,0
LA002602,Male,74,No,0,Graduate,No,16,6283,25,4416,0,0,Rural,1,5,6270,36,0
LA001008,Male,38,No,0,Graduate,No,20,6000,54,0,1,3677,Urban,3,4,4230,24,0
LA001114,Male,50,No,0,Graduate,No,12,4166,48,7210,1,739,Urban,3,4,5520,30,0
LA001120,Male,31,No,0,Graduate,No,78,1800,29,1213,1,877,Urban,3,4,1034,40,1
LA001205,Male,21,Yes,0,Graduate,No,98,2500,35,3796,1,2577,Urban,3,4,2640,28,1
LA001430,Female,46,No,0,Graduate,No,83,4166,58,0,1,1450,Semiurban,3,4,968,36,1
LA001520,Male,30,Yes,0,Graduate,No,22,4860,31,830,1,2238,Semiurban,3,4,4875,26,1
LA001640,Male,44,Yes,0,Graduate,Yes,91,39147,36,4750,1,697,Semiurban,3,4,2880,28,1
LA001788,Female,38,No,0,Graduate,Yes,76,3463,35,0,,0,Urban,3,4,3294,33,1
LA001892,Male,49,No,0,Graduate,No,82,2833,44,1857,1,2372,Rural,3,4,3402,30,0
LA001894,Male,40,Yes,0,Graduate,No,79,2620,38,2223,1,3599,Semiurban,3,4,3000,33,1
LA001947,Male,36,Yes,0,Graduate,No,88,2383,51,3334,1,3189,Semiurban,3,4,3784,36,1
LA002101,Male,27,Yes,0,Graduate,,48,63337,40,0,1,3625,Urban,3,4,9800,13,1
LA002139,Male,50,Yes,0,Graduate,No,55,9083,27,0,1,3544,Semiurban,3,4,4104,24,1
LA002209,Female,41,No,0,Graduate,,93,2764,70,1459,1,758,Urban,3,4,2860,40,1
LA002369,Male,37,Yes,0,Graduate,No,51,2920,37,16.12000084,1,1181,Rural,3,4,3393,28,0
LA001528,Male,73,No,0,Graduate,No,28,6277,27,0,0,0,Rural,3,4,3540,33,0
LA001722,Male,34,Yes,0,Graduate,No,99,150,8,1800,1,4488,Rural,3,4,3645,28,0
LA001859,Male,40,Yes,0,Graduate,No,29,14683,68,2100,1,1716,Rural,3,4,7904,36,0
LA002024,,38,Yes,0,Graduate,No,37,2473,8,1843,1,5487,Rural,3,4,3180,36,0
LA002287,Female,48,No,0,Graduate,No,19,1500,42,1800,0,0,Semiurban,3,4,3090,33,0
LA002467,Male,56,Yes,0,Graduate,No,87,3708,10,2569,1,6510,Urban,3,4,6228,36,0
LA002841,Male,27,Yes,0,Graduate,No,43,3166,57,2064,0,0,Urban,3,4,3744,24,0
LA002990,Female,41,No,0,Graduate,Yes,58,4583,70,0,0,0,Semiurban,3,4,3458,30,0
LA001005,Male,48,Yes,0,Graduate,Yes,35,3000,33,0,1,1442,Urban,2,4,1584,36,1
LA001066,Male,41,Yes,0,Graduate,Yes,58,9560,36,0,1,2613,Semiurban,2,4,5157,36,0
LA001098,Male,47,Yes,0,Graduate,No,28,3500,59,1667,1,3957,Semiurban,2,4,2736,28,1
LA001431,Female,49,No,0,Graduate,No,98,2137,35,8980,0,0,Semiurban,2,4,2740,33,1
LA001643,Male,30,Yes,0,Graduate,No,52,2383,34,2138,,0,Rural,2,4,1044,33,1
LA001664,Male,33,No,0,Graduate,No,48,4191,68,0,1,1925,Rural,2,4,4320,36,0
LA002250,Male,38,Yes,0,Graduate,No,42,5488,41,0,1,3187,Rural,2,4,4500,28,0
LA002409,Male,29,Yes,0,Graduate,No,67,7901,72,1833,1,1784,Rural,2,4,3240,33,0
LA002453,Male,45,No,0,Graduate,Yes,51,7085,62,0,1,2095,Semiurban,2,4,1512,33,1
LA002767,Male,35,Yes,0,Graduate,No,66,2768,44,1950,1,1562,Rural,2,4,4650,24,1
LA002798,Male,35,Yes,0,Graduate,No,88,3887,26,2669,1,2224,Semiurban,2,4,4374,30,1
LA002820,Male,43,Yes,0,Graduate,No,41,5923,46,2054,1,3302,Rural,2,4,9495,24,1
LA001256,Male,56,No,0,Graduate,No,85,3750,29,4750,1,6506,Urban,2,4,4224,40,0
LA002224,Male,51,No,0,Graduate,No,17,3069,41,0,1,2609,Urban,2,4,1420,44,0
LA002435,Male,49,Yes,0,Graduate,,11,3539,56,1376,1,6042,Rural,2,4,2145,24,0
LA001123,Male,48,Yes,0,Graduate,No,1,2400,40,0,,0,Urban,1,4,2100,33,1
LA001131,Male,48,Yes,0,Graduate,No,10,3941,36,2336,1,3852,Semiurban,1,4,4020,30,1
LA001144,Male,31,Yes,0,Graduate,No,55,5821,60,0,1,3048,Urban,1,4,4752,30,1
LA001248,Male,50,No,0,Graduate,No,96,3500,22,0,1,3330,Semiurban,1,4,2268,30,1
LA001404,Female,26,Yes,0,Graduate,No,51,3167,41,2283,1,3001,Semiurban,1,4,5082,24,1
LA001449,Male,42,No,0,Graduate,No,60,3865,42,1640,1,3978,Rural,1,4,5500,24,0
LA001644,,44,Yes,0,Graduate,Yes,91,674,37,5296,1,2382,Rural,1,4,5040,33,0
LA001888,Female,35,No,0,Graduate,No,60,3237,24,0,1,2384,Urban,1,4,840,30,1
LA002036,Male,43,Yes,0,Graduate,No,44,2058,60,2134,,0,Urban,1,4,3168,33,1
LA002055,Female,27,No,0,Graduate,No,51,3166,44,2985,,0,Rural,1,4,4752,26,1
LA002178,Male,24,Yes,0,Graduate,No,55,3013,38,3033,,0,Urban,1,4,4275,21,1
LA002180,Male,25,No,0,Graduate,Yes,91,6822,45,0,1,1812,Rural,1,4,5922,36,0
LA002229,Male,25,No,0,Graduate,No,76,5941,53,4232,1,3942,Semiurban,1,4,9768,28,1
LA002297,Male,30,No,0,Graduate,No,54,2500,41,20000,1,3531,Semiurban,1,4,3090,30,1
LA002345,Male,31,Yes,0,Graduate,No,68,1025,36,2773,1,2577,Rural,1,4,3360,40,1
LA002347,Male,38,Yes,0,Graduate,No,71,3246,61,1417,1,1748,Semiurban,1,4,3312,26,1
LA002487,Male,21,Yes,0,Graduate,No,53,3015,67,2188,1,2955,Rural,1,4,3060,30,0
LA002772,Male,48,No,0,Graduate,No,52,2526,60,1783,1,1474,Rural,1,4,3480,33,0
LA002894,Female,42,Yes,0,Graduate,No,96,3166,31,0,1,3765,Semiurban,1,4,1080,36,1
LA001241,Female,29,No,0,Graduate,No,22,4300,46,0,0,0,Semiurban,1,4,2720,28,0
LA001326,Male,23,No,0,Graduate,,12,6782,67,0,,0,Urban,1,4,6600,24,0
LA001883,Female,72,No,0,Graduate,,45,3418,5,0,1,4408,Rural,1,4,2700,26,0
LA002379,Male,32,No,0,Graduate,No,45,6500,61,0,0,0,Rural,1,4,3150,24,0
LA001137,Female,23,No,0,Graduate,No,10,3410,14,0,1,2819,Urban,3,3,1584,0,1
LA001310,Male,50,Yes,0,Graduate,No,85,5695,40,4167,1,1842,Semiurban,3,3,5250,28,1
LA001385,Male,40,No,0,Graduate,No,49,5316,67,0,1,3982,Urban,3,3,3808,33,1
LA001529,Male,41,Yes,0,Graduate,Yes,14,2577,50,3750,1,1989,Rural,3,3,5472,33,0
LA001875,Male,23,No,0,Graduate,No,92,4095,33,3447,1,953,Rural,3,3,3926,36,0
LA002211,Male,42,Yes,0,Graduate,No,85,4817,33,923,1,1450,Urban,3,3,3240,18,1
LA002263,Male,35,Yes,0,Graduate,No,48,2583,42,2115,,0,Urban,3,3,2880,24,1
LA002305,Female,40,No,0,Graduate,No,80,4547,63,0,1,814,Semiurban,3,3,3450,26,1
LA002537,Male,22,Yes,0,Graduate,No,55,2083,52,3150,1,1876,Semiurban,3,3,4608,24,1
LA002794,Female,38,No,0,Graduate,No,75,2667,57,1625,,0,Urban,3,3,2520,40,1
LA001109,Male,27,Yes,0,Graduate,No,89,1828,37,1330,0,0,Urban,3,3,2600,0,0
LA001489,Female,54,Yes,0,Graduate,No,91,4583,4,0,1,6195,Rural,3,3,2184,28,0
LA001562,Male,72,Yes,0,Graduate,No,33,7933,29,0,1,6407,Urban,3,3,6600,26,0
LA001813,Male,22,No,0,Graduate,Yes,60,6050,12,4333,1,4568,Urban,3,3,3120,14,0
LA002191,Male,60,Yes,0,Graduate,No,71,19730,48,5266,1,1863,Rural,3,3,18810,24,0
LA002625,,34,No,0,Graduate,No,79,3583,9,0,1,1892,Urban,3,3,3168,36,0
LA001333,Male,43,Yes,0,Graduate,No,82,1977,39,997,1,3917,Semiurban,2,3,1350,24,1
LA001514,Female,48,Yes,0,Graduate,No,87,2330,52,4486,1,3438,Semiurban,2,3,2400,28,1
LA001606,Male,36,Yes,0,Graduate,No,75,3497,69,1964,1,3695,Rural,2,3,5220,24,1
LA001716,Male,31,Yes,0,Graduate,No,85,3173,71,3021,1,2407,Urban,2,3,2740,40,0
LA001993,Female,42,No,0,Graduate,No,69,3762,63,1666,1,608,Rural,2,3,5670,24,1
LA002051,Male,30,Yes,0,Graduate,No,53,2400,48,2167,1,2642,Semiurban,2,3,2990,26,1
LA002082,Male,27,Yes,0,Graduate,Yes,64,5818,46,2160,1,1550,Semiurban,2,3,8280,36,1
LA002114,Female,30,No,0,Graduate,No,91,4160,71,0,1,2137,Semiurban,2,3,2343,40,1
LA002194,Female,42,No,0,Graduate,Yes,65,15759,55,0,1,900,Semiurban,2,3,1100,28,1
LA002226,Male,50,Yes,0,Graduate,,94,3333,44,2500,1,2591,Semiurban,2,3,5376,36,1
LA002244,Male,40,Yes,0,Graduate,No,92,2333,67,2417,1,3390,Urban,2,3,3672,40,1
LA002319,Male,49,Yes,0,Graduate,,63,6256,24,0,,0,Urban,2,3,6720,28,1
LA002337,Female,32,No,0,Graduate,No,43,2995,66,0,1,2361,Urban,2,3,1620,30,1
LA002606,Female,39,No,0,Graduate,No,62,3159,71,0,1,2977,Semiurban,2,3,4200,24,1
LA002777,Male,44,Yes,0,Graduate,No,48,2785,62,2016,1,3441,Rural,2,3,3630,40,1
LA002958,Male,45,No,0,Graduate,No,46,3676,65,4301,1,2216,Rural,2,3,6708,28,1
LA002974,Male,38,Yes,0,Graduate,No,83,3232,53,1950,1,3467,Rural,2,3,2376,40,1
LA002978,Female,34,No,0,Graduate,No,58,2900,45,0,1,3635,Rural,2,3,1988,30,1
LA001095,Male,74,No,0,Graduate,No,89,3167,15,0,1,4673,Urban,2,3,3330,30,0
LA001751,Male,29,Yes,0,Graduate,No,34,3250,7,0,1,4485,Rural,2,3,7650,30,0
LA001922,Male,28,Yes,0,Graduate,No,4,20667,33,0,1,1656,Rural,2,3,7700,24,0
LA001157,Female,44,No,0,Graduate,No,61,3086,39,0,1,3307,Semiurban,1,3,3600,26,1
LA001195,Male,42,Yes,0,Graduate,No,83,2132,69,1591,1,981,Semiurban,1,3,2592,30,1
LA001356,Male,28,Yes,0,Graduate,No,12,4652,32,3583,1,3844,Semiurban,1,3,4200,33,1
LA001825,Male,30,Yes,0,Graduate,No,74,1809,35,1868,1,3212,Urban,1,3,2520,30,1
LA001936,Male,43,Yes,0,Graduate,No,79,3075,51,2416,1,1772,Rural,1,3,2502,36,1
LA001978,Male,48,No,0,Graduate,No,84,4000,31,2500,1,2961,Rural,1,3,2800,28,1
LA002087,Female,24,No,0,Graduate,No,53,2500,60,0,1,1255,Urban,1,3,2010,28,1
LA002138,Male,50,Yes,0,Graduate,No,89,2625,64,6250,1,2933,Rural,1,3,4488,26,1
LA002281,Male,34,Yes,0,Graduate,No,81,3033,67,1459,1,2943,Urban,1,3,4275,40,1
LA002387,Male,37,Yes,0,Graduate,No,49,2425,64,2340,1,688,Semiurban,1,3,4290,33,1
LA002408,Male,36,No,0,Graduate,No,87,3660,55,5064,1,1861,Semiurban,1,3,5610,26,1
LA002705,Male,32,Yes,0,Graduate,No,81,3775,52,0,1,1666,Semiurban,1,3,3630,24,1
LA002945,Male,42,Yes,0,Graduate,Yes,53,9963,31,0,1,2881,Rural,1,3,3240,33,1
LA001036,Female,36,No,0,Graduate,No,54,3510,22,0,0,0,Urban,1,3,1520,24,0
LA001255,Male,42,No,0,Graduate,No,25,3750,54,0,1,3781,Urban,1,3,3729,40,0
LA002505,Male,23,Yes,0,Graduate,No,97,4333,23,2451,1,2592,Urban,1,3,2970,33,0
LA002743,Female,32,No,0,Graduate,No,54,2138,9,0,0,0,Semiurban,1,3,1980,36,0
LA001068,Male,40,Yes,0,Graduate,No,38,2799,33,2253,1,3335,Semiurban,3,2,2440,36,1
LA001498,Male,47,No,0,Graduate,No,74,5417,38,0,1,1460,Urban,3,2,4536,33,1
LA001666,Male,50,No,0,Graduate,No,48,8333,42,3750,1,957,Rural,3,2,5610,24,1
LA001744,Male,49,No,0,Graduate,No,82,2971,36,2791,1,1434,Semiurban,3,2,4032,36,1
LA001872,Male,36,No,0,Graduate,Yes,54,5166,69,0,1,540,Semiurban,3,2,3456,30,1
LA001924,Male,23,No,0,Graduate,No,95,3158,45,3053,1,3114,Rural,3,2,2314,30,1
LA001926,Male,43,Yes,0,Graduate,No,47,3704,63,2000,1,671,Rural,3,2,3120,24,1
LA002129,Male,35,Yes,0,Graduate,No,62,2499,42,2458,1,985,Semiurban,3,2,6240,24,1
LA002234,Male,46,No,0,Graduate,Yes,95,7167,24,0,1,3026,Urban,3,2,4608,30,1
LA002424,Male,38,Yes,0,Graduate,No,84,7333,41,8333,,0,Rural,3,2,6825,27,1
LA002494,Male,30,No,0,Graduate,No,93,6000,57,0,1,3605,Rural,3,2,2520,24,1
LA002541,Male,27,Yes,0,Graduate,No,49,10833,67,0,1,638,Semiurban,3,2,7020,36,1
LA002624,Male,46,Yes,0,Graduate,No,62,20833,50,6667,,0,Urban,3,2,12480,24,1
LA002187,Male,38,No,0,Graduate,No,97,2500,4,0,1,5848,Semiurban,3,2,1920,34,0
LA002683,Male,38,No,0,Graduate,No,43,4683,47,1915,1,3400,Semiurban,3,2,7215,26,0
LA002840,Female,52,No,0,Graduate,No,33,2378,4,0,1,4765,Urban,3,2,198,28,0
LA001106,Male,29,Yes,0,Graduate,No,86,2275,22,2067,1,2671,Urban,2,2,5500,28,0
LA001151,Female,46,No,0,Graduate,No,53,4000,18,2275,1,3094,Semiurban,2,2,5616,40,1
LA001282,Male,21,Yes,0,Graduate,No,33,2500,40,2118,1,1246,Semiurban,2,2,4680,33,1
LA001322,Male,30,No,0,Graduate,No,23,4133,71,0,1,3673,Semiurban,2,2,2684,24,1
LA001507,Male,47,Yes,0,Graduate,No,17,2698,52,2034,1,1324,Semiurban,2,2,2196,40,1
LA001572,Male,40,Yes,0,Graduate,No,59,9323,44,0,1,2593,Urban,2,2,2250,14,0
LA001594,Male,47,Yes,0,Graduate,No,48,5708,58,5625,1,3506,Semiurban,2,2,4488,28,1
LA002006,Female,28,No,0,Graduate,No,74,2507,42,0,1,2136,Rural,2,2,1568,33,1
LA002137,Male,29,Yes,0,Graduate,No,42,6333,32,4583,,0,Semiurban,2,2,10101,40,1
LA002364,Male,46,Yes,0,Graduate,No,45,14880,35,0,1,1375,Semiurban,2,2,2880,33,1
LA002390,Male,26,No,0,Graduate,No,59,3750,69,0,1,2717,Urban,2,2,3000,40,0
LA002626,Male,32,Yes,0,Graduate,Yes,41,2479,56,3013,1,3477,Urban,2,2,5076,40,1
LA002734,Male,40,Yes,0,Graduate,No,67,6133,24,3906,1,3297,Urban,2,2,8424,28,1
LA002140,Male,29,No,0,Graduate,No,61,8750,20,4167,1,5953,Rural,2,2,5544,28,0
LA002585,Male,69,Yes,0,Graduate,No,5,3597,40,2157,0,0,Rural,2,2,3570,40,0
LA001578,Male,29,Yes,0,Graduate,No,13,2439,43,3333,1,2636,Rural,1,2,3354,24,1
LA001699,Male,24,No,0,Graduate,No,76,2479,33,0,1,2884,Urban,1,2,2124,33,1
LA001761,Male,33,No,0,Graduate,Yes,88,6400,40,0,1,2812,Rural,1,2,4000,26,1
LA001768,Male,34,Yes,0,Graduate,,44,3716,43,0,1,2321,Rural,1,2,1092,20,1
LA001871,Female,31,No,0,Graduate,No,83,7200,47,0,1,1737,Rural,1,2,2880,28,1
LA001903,Male,35,Yes,0,Graduate,No,59,3993,30,3274,1,2190,Semiurban,1,2,5382,40,1
LA001904,Male,46,Yes,0,Graduate,No,42,3103,67,1300,1,1321,Urban,1,2,2400,30,1
LA001914,Male,29,Yes,0,Graduate,No,48,3927,43,800,1,1559,Semiurban,1,2,4704,24,1
LA001917,Female,36,No,0,Graduate,No,57,1811,24,1666,1,1754,Urban,1,2,2106,30,1
LA002068,Male,40,No,0,Graduate,No,57,4917,32,0,0,0,Rural,1,2,2600,24,1
LA002361,Male,46,Yes,0,Graduate,No,90,1820,45,1719,1,3748,Urban,1,2,3600,28,1
LA002401,Male,42,Yes,0,Graduate,No,45,2213,62,1125,1,693,Urban,1,2,2210,33,1
LA002690,Male,25,No,0,Graduate,No,78,2500,66,0,1,3013,Semiurban,1,2,1815,30,1
LA002836,Male,36,No,0,Graduate,No,64,3333,57,0,1,1377,Urban,1,2,1260,24,1
LA002874,Male,31,No,0,Graduate,No,80,3229,60,2739,1,1546,Urban,1,2,1980,24,1
LA002916,Male,24,Yes,0,Graduate,No,65,2297,70,1522,1,2915,Urban,1,2,3120,40,1
LA002928,Male,44,Yes,0,Graduate,No,60,3000,57,3416,1,3891,Semiurban,1,2,2184,12,1
LA002188,Male,71,No,0,Graduate,No,64,5124,52,0,0,0,Rural,1,2,2976,0,0
LA002403,Male,30,No,0,Graduate,Yes,29,10416,24,0,0,0,Urban,1,2,4114,30,0
LA002493,Male,19,No,0,Graduate,No,86,4166,30,0,0,0,Semiurban,1,2,2744,24,0
LA002652,Male,57,No,0,Graduate,No,79,5815,57,3666,1,6478,Rural,1,2,8708,24,0
LA002789,Male,33,Yes,0,Graduate,No,14,3593,33,4266,0,0,Rural,1,2,3696,15,0
LA002872,,39,Yes,0,Graduate,No,96,3087,63,2210,0,0,Semiurban,1,2,5712,26,0
LA001469,Male,33,No,0,Graduate,Yes,99,20166,38,0,,0,Urban,3,1,8200,40,1
LA001478,Male,33,No,0,Graduate,No,4,2718,57,0,1,3331,Semiurban,3,1,2940,28,1
LA001482,Male,35,Yes,0,Graduate,Yes,8,3459,71,0,1,1557,Semiurban,3,1,1050,9,1
LA001647,Male,45,Yes,0,Graduate,No,95,9328,47,0,1,1010,Rural,3,1,7896,15,1
LA001891,Male,39,Yes,0,Graduate,No,47,11146,54,0,1,2137,Urban,3,1,4080,28,1
LA001931,Female,29,No,0,Graduate,No,57,4124,49,0,1,2346,Semiurban,3,1,4485,36,1
LA001974,Female,36,No,0,Graduate,No,45,5000,65,0,1,532,Rural,3,1,5940,36,1
LA002348,Male,41,Yes,0,Graduate,No,53,5829,53,0,1,1451,Rural,3,1,3036,26,1
LA002522,Female,22,No,0,Graduate,Yes,84,2500,68,0,,0,Urban,3,1,2604,30,1
LA002588,Male,44,Yes,0,Graduate,No,45,4625,72,2857,,0,Urban,3,1,2442,1,1
LA002888,Male,41,No,0,Graduate,,64,3182,27,2917,1,2015,Urban,3,1,3864,24,1
LA001343,Male,49,Yes,0,Graduate,No,7,1759,65,3541,1,2760,Semiurban,2,1,5895,40,1
LA001387,Female,48,Yes,0,Graduate,,7,2929,61,2333,1,3201,Semiurban,2,1,2780,33,0
LA001487,Male,42,No,0,Graduate,No,89,4895,53,0,1,720,Semiurban,2,1,4590,24,1
LA001552,Male,35,Yes,0,Graduate,No,40,4583,53,5625,1,2513,Semiurban,2,1,7140,40,1
LA001574,Male,28,Yes,0,Graduate,No,8,3707,57,3166,1,2009,Rural,2,1,7098,0,1
LA001658,Male,42,No,0,Graduate,No,79,3858,26,0,1,930,Semiurban,2,1,2052,33,1
LA001693,Female,39,No,0,Graduate,No,66,3244,28,0,1,1743,Urban,2,1,3360,30,0
LA001907,Male,37,Yes,0,Graduate,No,46,14583,34,0,1,3946,Semiurban,2,1,19620,36,1
LA002098,Male,23,No,0,Graduate,No,95,2935,60,0,1,1446,Semiurban,2,1,3528,33,1
LA002143,Female,41,Yes,0,Graduate,No,92,2423,53,505,1,3977,Semiurban,2,1,4290,26,1
LA002501,,33,Yes,0,Graduate,No,66,16692,44,0,1,3696,Semiurban,2,1,3630,28,1
LA002804,Female,36,Yes,0,Graduate,No,53,4180,31,2306,1,3461,Semiurban,2,1,4732,24,1
LA001002,Male,41,No,0,Graduate,No,73,5849,67,0,1,1646,Urban,1,1,3120,26,1
LA001041,Male,34,Yes,0,Graduate,,86,2600,15,3500,1,3409,Urban,1,1,3450,0,1
LA001265,Female,36,No,0,Graduate,No,4,3846,62,0,1,733,Semiurban,1,1,3108,33,1
LA001504,Male,50,No,0,Graduate,Yes,15,6950,63,0,1,2200,Semiurban,1,1,5250,18,1
LA001750,Male,47,Yes,0,Graduate,No,95,6250,53,0,1,2101,Semiurban,1,1,4992,26,1
LA001776,Female,33,No,0,Graduate,No,74,8333,55,0,1,3740,Semiurban,1,1,7840,36,1
LA001935,Male,22,No,0,Graduate,No,41,9508,50,0,1,3106,Rural,1,1,5236,33,1
LA002223,Male,42,Yes,0,Graduate,No,91,4310,31,0,,0,Semiurban,1,1,3510,36,1
LA002398,Male,21,No,0,Graduate,No,45,1926,33,1851,1,1024,Semiurban,1,1,1100,24,1
LA002936,Male,50,Yes,0,Graduate,No,49,3859,56,3300,1,2291,Rural,1,1,5964,13,1
LA001754,Male,45,Yes,,Not Graduate,Yes,40,4735,18,0,1,5431,Urban,3,6,6210,24,0
LA002130,Male,47,Yes,,Not Graduate,No,88,3523,22,3230,0,0,Rural,1,4,5472,28,0
LA001972,Male,32,Yes,,Not Graduate,No,66,2875,44,1750,1,3947,Semiurban,3,3,4725,30,1
LA002682,Male,34,Yes,,Not Graduate,No,81,3074,44,1800,0,0,Semiurban,1,2,2952,26,0
LA001945,Female,41,No,,Graduate,No,86,5417,3,0,0,0,Urban,2,8,3432,37,0
LA001426,Male,37,Yes,,Graduate,No,98,5667,72,2667,1,2478,Rural,2,5,5400,26,0
LA002100,Male,25,No,,Graduate,No,46,2833,64,0,1,1280,Urban,3,4,2556,40,1
LA002106,Male,50,Yes,,Graduate,Yes,75,5503,52,4490,1,2281,Semiurban,3,3,2100,0,1
LA002847,Male,66,Yes,,Graduate,No,74,5116,8,1451,0,0,Urban,3,2,6930,40,0
LA002144,Female,48,No,,Graduate,No,85,3813,63,0,1,1090,Urban,2,2,2552,14,0
LA001350,Male,22,Yes,,Graduate,No,43,13650,56,0,1,759,Urban,1,2,4000,26,1
LA001357,Male,24,,,Graduate,No,62,3816,41,754,1,3190,Urban,1,2,2880,30,1
LA001760,Male,25,,,Graduate,No,86,4758,52,0,1,1747,Semiurban,1,2,2844,34,1
LA002943,Male,67,No,,Graduate,No,12,2987,2,0,0,0,Semiurban,1,2,1760,30,0
LA002393,Female,44,,,Graduate,No,94,10047,43,0,1,1181,Semiurban,2,1,3712,22,1
